q,n_star,x_star,port_ret,port_volatility,budget_use
0.0,[ 0  2  0 11],[0.       0.25906  0.       0.743215],0.002066492405820794,0.025085175654820966,2004.5499999999997
0.04008016032064128,[ 3  0  0 11],[0.259275 0.       0.       0.743215],0.0022278546173020823,0.026386358686200765,2004.9799999999998
0.08016032064128256,[ 3  0  0 11],[0.259275 0.       0.       0.743215],0.0022278546173020823,0.026386358686200765,2004.9799999999998
0.12024048096192384,[ 3  0  0 11],[0.259275 0.       0.       0.743215],0.0022278546173020823,0.026386358686200765,2004.9799999999998
0.16032064128256512,[ 3  0  0 11],[0.259275 0.       0.       0.743215],0.0022278546173020823,0.026386358686200765,2004.9799999999998
0.2004008016032064,[ 3  0  0 11],[0.259275 0.       0.       0.743215],0.0022278546173020823,0.026386358686200765,2004.9799999999998
0.24048096192384769,[ 3  0  0 11],[0.259275 0.       0.       0.743215],0.0022278546173020823,0.026386358686200765,2004.9799999999998
0.280561122244489,[ 3  0  0 11],[0.259275 0.       0.       0.743215],0.0022278546173020823,0.026386358686200765,2004.9799999999998
0.32064128256513025,[ 3  0  0 11],[0.259275 0.       0.       0.743215],0.0022278546173020823,0.026386358686200765,2004.9799999999998
0.3607214428857715,[ 3  0  0 11],[0.259275 0.       0.       0.743215],0.0022278546173020823,0.026386358686200765,2004.9799999999998
0.4008016032064128,[ 3  0  0 11],[0.259275 0.       0.       0.743215],0.0022278546173020823,0.026386358686200765,2004.9799999999998
0.4408817635270541,[ 3  0  0 11],[0.259275 0.       0.       0.743215],0.0022278546173020823,0.026386358686200765,2004.9799999999998
0.48096192384769537,[ 3  0  0 11],[0.259275 0.       0.       0.743215],0.0022278546173020823,0.026386358686200765,2004.9799999999998
0.5210420841683366,[ 3  0  0 11],[0.259275 0.       0.       0.743215],0.0022278546173020823,0.026386358686200765,2004.9799999999998
0.561122244488978,[ 3  0  0 11],[0.259275 0.       0.       0.743215],0.0022278546173020823,0.026386358686200765,2004.9799999999998
0.6012024048096192,[ 3  0  0 11],[0.259275 0.       0.       0.743215],0.0022278546173020823,0.026386358686200765,2004.9799999999998
0.6412825651302605,[ 3  0  0 11],[0.259275 0.       0.       0.743215],0.0022278546173020823,0.026386358686200765,2004.9799999999998
0.6813627254509018,[ 3  0  0 11],[0.259275 0.       0.       0.743215],0.0022278546173020823,0.026386358686200765,2004.9799999999998
0.721442885771543,[ 3  0  0 11],[0.259275 0.       0.       0.743215],0.0022278546173020823,0.026386358686200765,2004.9799999999998
0.7615230460921844,[ 3  0  0 11],[0.259275 0.       0.       0.743215],0.0022278546173020823,0.026386358686200765,2004.9799999999998
0.8016032064128256,[ 3  0  0 11],[0.259275 0.       0.       0.743215],0.0022278546173020823,0.026386358686200765,2004.9799999999998
0.8416833667334669,[ 3  0  0 11],[0.259275 0.       0.       0.743215],0.0022278546173020823,0.026386358686200765,2004.9799999999998
0.8817635270541082,[ 3  0  0 11],[0.259275 0.       0.       0.743215],0.0022278546173020823,0.026386358686200765,2004.9799999999998
0.9218436873747494,[ 3  0  0 11],[0.259275 0.       0.       0.743215],0.0022278546173020823,0.026386358686200765,2004.9799999999998
0.9619238476953907,[ 3  0  0 11],[0.259275 0.       0.       0.743215],0.0022278546173020823,0.026386358686200765,2004.9799999999998
1.002004008016032,[ 3  0  0 11],[0.259275 0.       0.       0.743215],0.0022278546173020823,0.026386358686200765,2004.9799999999998
1.0420841683366733,[ 3  0  0 11],[0.259275 0.       0.       0.743215],0.0022278546173020823,0.026386358686200765,2004.9799999999998
1.0821643286573146,[ 3  0  0 11],[0.259275 0.       0.       0.743215],0.0022278546173020823,0.026386358686200765,2004.9799999999998
1.122244488977956,[ 3  0  0 11],[0.259275 0.       0.       0.743215],0.0022278546173020823,0.026386358686200765,2004.9799999999998
1.1623246492985972,[ 3  0  0 11],[0.259275 0.       0.       0.743215],0.0022278546173020823,0.026386358686200765,2004.9799999999998
1.2024048096192383,[ 3  0  0 11],[0.259275 0.       0.       0.743215],0.0022278546173020823,0.026386358686200765,2004.9799999999998
1.2424849699398797,[0 0 2 8],[0.      0.      0.46036 0.54052],0.0019330561253736818,0.022825477000112816,2001.76
1.282565130260521,[ 3  0  0 11],[0.259275 0.       0.       0.743215],0.0022278546173020823,0.026386358686200765,2004.9799999999998
1.3226452905811623,[0 0 2 8],[0.      0.      0.46036 0.54052],0.0019330561253736818,0.022825477000112816,2001.76
1.3627254509018036,[ 3  0  0 11],[0.259275 0.       0.       0.743215],0.0022278546173020823,0.026386358686200765,2004.9799999999998
1.4028056112224447,[ 1  0  1 10],[0.086425 0.       0.23018  0.67565 ],0.0021316073847560454,0.02499224900100359,1984.5099999999998
1.442885771543086,[ 1  0  1 10],[0.086425 0.       0.23018  0.67565 ],0.0021316073847560454,0.02499224900100359,1984.5099999999998
1.4829659318637274,[ 1  0  1 10],[0.086425 0.       0.23018  0.67565 ],0.0021316073847560454,0.02499224900100359,1984.5099999999998
1.5230460921843687,[0 0 2 8],[0.      0.      0.46036 0.54052],0.0019330561253736818,0.022825477000112816,2001.76
1.56312625250501,[0 0 2 8],[0.      0.      0.46036 0.54052],0.0019330561253736818,0.022825477000112816,2001.76
1.6032064128256511,[0 0 2 8],[0.      0.      0.46036 0.54052],0.0019330561253736818,0.022825477000112816,2001.76
1.6432865731462925,[0 0 2 8],[0.      0.      0.46036 0.54052],0.0019330561253736818,0.022825477000112816,2001.76
1.6833667334669338,[0 0 2 8],[0.      0.      0.46036 0.54052],0.0019330561253736818,0.022825477000112816,2001.76
1.723446893787575,[0 0 2 8],[0.      0.      0.46036 0.54052],0.0019330561253736818,0.022825477000112816,2001.76
1.7635270541082164,[0 0 2 8],[0.      0.      0.46036 0.54052],0.0019330561253736818,0.022825477000112816,2001.76
1.8036072144288577,[0 1 2 6],[0.      0.12953 0.46036 0.40539],0.0016083915973138662,0.019619681700039956,1990.56
1.8436873747494988,[0 0 2 8],[0.      0.      0.46036 0.54052],0.0019330561253736818,0.022825477000112816,2001.76
1.8837675350701402,[1 0 4 0],[0.086425 0.       0.92072  0.      ],0.0010479867619706108,0.016970658022340664,2014.29
1.9238476953907815,[0 0 2 8],[0.      0.      0.46036 0.54052],0.0019330561253736818,0.022825477000112816,2001.76
1.9639278557114228,[0 0 2 8],[0.      0.      0.46036 0.54052],0.0019330561253736818,0.022825477000112816,2001.76
2.004008016032064,[0 0 2 8],[0.      0.      0.46036 0.54052],0.0019330561253736818,0.022825477000112816,2001.76
2.0440881763527052,[0 0 2 8],[0.      0.      0.46036 0.54052],0.0019330561253736818,0.022825477000112816,2001.76
2.0841683366733466,[0 0 2 8],[0.      0.      0.46036 0.54052],0.0019330561253736818,0.022825477000112816,2001.76
2.124248496993988,[2 1 1 7],[0.17285  0.12953  0.23018  0.472955],0.0017046388298599027,0.020631395160220993,2011.03
2.164328657314629,[2 1 1 7],[0.17285  0.12953  0.23018  0.472955],0.0017046388298599027,0.020631395160220993,2011.03
2.2044088176352705,[2 1 1 7],[0.17285  0.12953  0.23018  0.472955],0.0017046388298599027,0.020631395160220993,2011.03
2.244488977955912,[ 1  0  1 10],[0.086425 0.       0.23018  0.67565 ],0.0021316073847560454,0.02499224900100359,1984.5099999999998
2.284569138276553,[ 1  0  1 10],[0.086425 0.       0.23018  0.67565 ],0.0021316073847560454,0.02499224900100359,1984.5099999999998
2.3246492985971945,[2 1 1 7],[0.17285  0.12953  0.23018  0.472955],0.0017046388298599027,0.020631395160220993,2011.03
2.3647294589178354,[2 1 1 7],[0.17285  0.12953  0.23018  0.472955],0.0017046388298599027,0.020631395160220993,2011.03
2.4048096192384767,[2 1 1 7],[0.17285  0.12953  0.23018  0.472955],0.0017046388298599027,0.020631395160220993,2011.03
2.444889779559118,[2 1 1 7],[0.17285  0.12953  0.23018  0.472955],0.0017046388298599027,0.020631395160220993,2011.03
2.4849699398797593,[2 1 1 7],[0.17285  0.12953  0.23018  0.472955],0.0017046388298599027,0.020631395160220993,2011.03
2.5250501002004007,[2 1 1 7],[0.17285  0.12953  0.23018  0.472955],0.0017046388298599027,0.020631395160220993,2011.03
2.565130260521042,[2 1 1 7],[0.17285  0.12953  0.23018  0.472955],0.0017046388298599027,0.020631395160220993,2011.03
2.6052104208416833,[2 1 1 7],[0.17285  0.12953  0.23018  0.472955],0.0017046388298599027,0.020631395160220993,2011.03
2.6452905811623246,[2 1 1 7],[0.17285  0.12953  0.23018  0.472955],0.0017046388298599027,0.020631395160220993,2011.03
2.685370741482966,[2 1 1 7],[0.17285  0.12953  0.23018  0.472955],0.0017046388298599027,0.020631395160220993,2011.03
2.7254509018036073,[2 1 1 7],[0.17285  0.12953  0.23018  0.472955],0.0017046388298599027,0.020631395160220993,2011.03
2.7655310621242486,[2 1 1 7],[0.17285  0.12953  0.23018  0.472955],0.0017046388298599027,0.020631395160220993,2011.03
2.8056112224448895,[2 2 1 5],[0.17285  0.25906  0.23018  0.337825],0.001379974301800087,0.01767307029507529,1999.83
2.845691382765531,[2 2 1 5],[0.17285  0.25906  0.23018  0.337825],0.001379974301800087,0.01767307029507529,1999.83
2.885771543086172,[3 1 0 9],[0.259275 0.12953  0.       0.608085],0.0019031900892422667,0.02295603780208608,1993.78
2.9258517034068134,[2 2 1 5],[0.17285  0.25906  0.23018  0.337825],0.001379974301800087,0.01767307029507529,1999.83
2.9659318637274548,[2 2 1 5],[0.17285  0.25906  0.23018  0.337825],0.001379974301800087,0.01767307029507529,1999.83
3.006012024048096,[2 2 1 5],[0.17285  0.25906  0.23018  0.337825],0.001379974301800087,0.01767307029507529,1999.83
3.0460921843687374,[2 1 1 7],[0.17285  0.12953  0.23018  0.472955],0.0017046388298599027,0.020631395160220993,2011.03
3.0861723446893787,[2 2 1 5],[0.17285  0.25906  0.23018  0.337825],0.001379974301800087,0.01767307029507529,1999.83
3.12625250501002,[2 2 1 5],[0.17285  0.25906  0.23018  0.337825],0.001379974301800087,0.01767307029507529,1999.83
3.1663326653306614,[2 2 1 5],[0.17285  0.25906  0.23018  0.337825],0.001379974301800087,0.01767307029507529,1999.83
3.2064128256513023,[2 2 1 5],[0.17285  0.25906  0.23018  0.337825],0.001379974301800087,0.01767307029507529,1999.83
3.2464929859719436,[2 2 1 5],[0.17285  0.25906  0.23018  0.337825],0.001379974301800087,0.01767307029507529,1999.83
3.286573146292585,[0 0 2 8],[0.      0.      0.46036 0.54052],0.0019330561253736818,0.022825477000112816,2001.76
3.3266533066132262,[2 2 1 5],[0.17285  0.25906  0.23018  0.337825],0.001379974301800087,0.01767307029507529,1999.83
3.3667334669338675,[2 3 1 3],[0.17285  0.38859  0.23018  0.202695],0.0010553097737402717,0.015264330717710066,1988.63
3.406813627254509,[2 3 1 3],[0.17285  0.38859  0.23018  0.202695],0.0010553097737402717,0.015264330717710066,1988.63
3.44689378757515,[2 3 1 3],[0.17285  0.38859  0.23018  0.202695],0.0010553097737402717,0.015264330717710066,1988.63
3.4869739478957915,[2 3 1 3],[0.17285  0.38859  0.23018  0.202695],0.0010553097737402717,0.015264330717710066,1988.63
3.527054108216433,[5 1 1 3],[0.432125 0.12953  0.23018  0.202695],0.00121667198522156,0.016767882702052987,1989.06
3.567134268537074,[5 1 1 3],[0.432125 0.12953  0.23018  0.202695],0.00121667198522156,0.016767882702052987,1989.06
3.6072144288577155,[2 3 1 3],[0.17285  0.38859  0.23018  0.202695],0.0010553097737402717,0.015264330717710066,1988.63
3.6472945891783564,[2 3 1 3],[0.17285  0.38859  0.23018  0.202695],0.0010553097737402717,0.015264330717710066,1988.63
3.6873747494989977,[2 3 1 3],[0.17285  0.38859  0.23018  0.202695],0.0010553097737402717,0.015264330717710066,1988.63
3.727454909819639,[2 3 1 3],[0.17285  0.38859  0.23018  0.202695],0.0010553097737402717,0.015264330717710066,1988.63
3.7675350701402803,[2 3 1 3],[0.17285  0.38859  0.23018  0.202695],0.0010553097737402717,0.015264330717710066,1988.63
3.8076152304609217,[2 3 1 3],[0.17285  0.38859  0.23018  0.202695],0.0010553097737402717,0.015264330717710066,1988.63
3.847695390781563,[2 3 1 3],[0.17285  0.38859  0.23018  0.202695],0.0010553097737402717,0.015264330717710066,1988.63
3.8877755511022043,[2 3 1 3],[0.17285  0.38859  0.23018  0.202695],0.0010553097737402717,0.015264330717710066,1988.63
3.9278557114228456,[2 3 1 3],[0.17285  0.38859  0.23018  0.202695],0.0010553097737402717,0.015264330717710066,1988.63
3.967935871743487,[2 3 1 3],[0.17285  0.38859  0.23018  0.202695],0.0010553097737402717,0.015264330717710066,1988.63
4.008016032064128,[2 3 1 3],[0.17285  0.38859  0.23018  0.202695],0.0010553097737402717,0.015264330717710066,1988.63
4.04809619238477,[2 3 1 3],[0.17285  0.38859  0.23018  0.202695],0.0010553097737402717,0.015264330717710066,1988.63
4.0881763527054105,[7 2 0 2],[0.604975 0.25906  0.       0.13513 ],0.0009882546897077814,0.015920207064227896,1998.3300000000002
4.128256513026052,[7 2 0 2],[0.604975 0.25906  0.       0.13513 ],0.0009882546897077814,0.015920207064227896,1998.3300000000002
4.168336673346693,[7 2 0 2],[0.604975 0.25906  0.       0.13513 ],0.0009882546897077814,0.015920207064227896,1998.3300000000002
4.208416833667335,[2 3 1 3],[0.17285  0.38859  0.23018  0.202695],0.0010553097737402717,0.015264330717710066,1988.63
4.248496993987976,[2 3 1 3],[0.17285  0.38859  0.23018  0.202695],0.0010553097737402717,0.015264330717710066,1988.63
4.288577154308617,[2 3 1 3],[0.17285  0.38859  0.23018  0.202695],0.0010553097737402717,0.015264330717710066,1988.63
4.328657314629258,[2 3 1 3],[0.17285  0.38859  0.23018  0.202695],0.0010553097737402717,0.015264330717710066,1988.63
4.368737474949899,[2 3 1 3],[0.17285  0.38859  0.23018  0.202695],0.0010553097737402717,0.015264330717710066,1988.63
4.408817635270541,[2 3 1 3],[0.17285  0.38859  0.23018  0.202695],0.0010553097737402717,0.015264330717710066,1988.63
4.448897795591182,[2 3 1 3],[0.17285  0.38859  0.23018  0.202695],0.0010553097737402717,0.015264330717710066,1988.63
4.488977955911824,[2 3 1 3],[0.17285  0.38859  0.23018  0.202695],0.0010553097737402717,0.015264330717710066,1988.63
4.529058116232465,[2 3 1 3],[0.17285  0.38859  0.23018  0.202695],0.0010553097737402717,0.015264330717710066,1988.63
4.569138276553106,[2 3 1 3],[0.17285  0.38859  0.23018  0.202695],0.0010553097737402717,0.015264330717710066,1988.63
4.609218436873747,[2 3 1 3],[0.17285  0.38859  0.23018  0.202695],0.0010553097737402717,0.015264330717710066,1988.63
4.649298597194389,[2 3 1 3],[0.17285  0.38859  0.23018  0.202695],0.0010553097737402717,0.015264330717710066,1988.63
4.68937875751503,[2 3 1 3],[0.17285  0.38859  0.23018  0.202695],0.0010553097737402717,0.015264330717710066,1988.63
4.729458917835671,[2 3 1 3],[0.17285  0.38859  0.23018  0.202695],0.0010553097737402717,0.015264330717710066,1988.63
4.7695390781563125,[2 3 1 3],[0.17285  0.38859  0.23018  0.202695],0.0010553097737402717,0.015264330717710066,1988.63
4.809619238476953,[2 3 1 3],[0.17285  0.38859  0.23018  0.202695],0.0010553097737402717,0.015264330717710066,1988.63
4.849699398797595,[2 3 1 3],[0.17285  0.38859  0.23018  0.202695],0.0010553097737402717,0.015264330717710066,1988.63
4.889779559118236,[2 3 1 3],[0.17285  0.38859  0.23018  0.202695],0.0010553097737402717,0.015264330717710066,1988.63
4.929859719438878,[2 3 1 3],[0.17285  0.38859  0.23018  0.202695],0.0010553097737402717,0.015264330717710066,1988.63
4.969939879759519,[2 3 1 3],[0.17285  0.38859  0.23018  0.202695],0.0010553097737402717,0.015264330717710066,1988.63
5.01002004008016,[2 3 1 3],[0.17285  0.38859  0.23018  0.202695],0.0010553097737402717,0.015264330717710066,1988.63
5.050100200400801,[2 3 1 3],[0.17285  0.38859  0.23018  0.202695],0.0010553097737402717,0.015264330717710066,1988.63
5.090180360721443,[2 3 1 3],[0.17285  0.38859  0.23018  0.202695],0.0010553097737402717,0.015264330717710066,1988.63
5.130260521042084,[2 3 1 3],[0.17285  0.38859  0.23018  0.202695],0.0010553097737402717,0.015264330717710066,1988.63
5.170340681362725,[2 3 1 3],[0.17285  0.38859  0.23018  0.202695],0.0010553097737402717,0.015264330717710066,1988.63
5.210420841683367,[2 3 1 3],[0.17285  0.38859  0.23018  0.202695],0.0010553097737402717,0.015264330717710066,1988.63
5.2505010020040075,[2 3 1 3],[0.17285  0.38859  0.23018  0.202695],0.0010553097737402717,0.015264330717710066,1988.63
5.290581162324649,[2 3 1 3],[0.17285  0.38859  0.23018  0.202695],0.0010553097737402717,0.015264330717710066,1988.63
5.33066132264529,[2 3 1 3],[0.17285  0.38859  0.23018  0.202695],0.0010553097737402717,0.015264330717710066,1988.63
5.370741482965932,[2 3 1 3],[0.17285  0.38859  0.23018  0.202695],0.0010553097737402717,0.015264330717710066,1988.63
5.410821643286573,[2 3 1 3],[0.17285  0.38859  0.23018  0.202695],0.0010553097737402717,0.015264330717710066,1988.63
5.4509018036072145,[2 3 1 3],[0.17285  0.38859  0.23018  0.202695],0.0010553097737402717,0.015264330717710066,1988.63
5.490981963927855,[2 3 1 3],[0.17285  0.38859  0.23018  0.202695],0.0010553097737402717,0.015264330717710066,1988.63
5.531062124248497,[2 3 1 3],[0.17285  0.38859  0.23018  0.202695],0.0010553097737402717,0.015264330717710066,1988.63
5.571142284569138,[2 3 1 3],[0.17285  0.38859  0.23018  0.202695],0.0010553097737402717,0.015264330717710066,1988.63
5.611222444889779,[2 3 1 3],[0.17285  0.38859  0.23018  0.202695],0.0010553097737402717,0.015264330717710066,1988.63
5.651302605210421,[2 3 1 3],[0.17285  0.38859  0.23018  0.202695],0.0010553097737402717,0.015264330717710066,1988.63
5.691382765531062,[2 3 1 3],[0.17285  0.38859  0.23018  0.202695],0.0010553097737402717,0.015264330717710066,1988.63
5.731462925851703,[2 3 1 3],[0.17285  0.38859  0.23018  0.202695],0.0010553097737402717,0.015264330717710066,1988.63
5.771543086172344,[2 3 1 3],[0.17285  0.38859  0.23018  0.202695],0.0010553097737402717,0.015264330717710066,1988.63
5.811623246492986,[2 3 1 3],[0.17285  0.38859  0.23018  0.202695],0.0010553097737402717,0.015264330717710066,1988.63
5.851703406813627,[2 3 1 3],[0.17285  0.38859  0.23018  0.202695],0.0010553097737402717,0.015264330717710066,1988.63
5.891783567134269,[2 3 1 3],[0.17285  0.38859  0.23018  0.202695],0.0010553097737402717,0.015264330717710066,1988.63
5.9318637274549095,[2 3 1 3],[0.17285  0.38859  0.23018  0.202695],0.0010553097737402717,0.015264330717710066,1988.63
5.971943887775551,[2 3 1 3],[0.17285  0.38859  0.23018  0.202695],0.0010553097737402717,0.015264330717710066,1988.63
6.012024048096192,[2 3 1 3],[0.17285  0.38859  0.23018  0.202695],0.0010553097737402717,0.015264330717710066,1988.63
6.052104208416833,[2 3 1 3],[0.17285  0.38859  0.23018  0.202695],0.0010553097737402717,0.015264330717710066,1988.63
6.092184368737475,[2 3 1 3],[0.17285  0.38859  0.23018  0.202695],0.0010553097737402717,0.015264330717710066,1988.63
6.132264529058116,[2 3 1 3],[0.17285  0.38859  0.23018  0.202695],0.0010553097737402717,0.015264330717710066,1988.63
6.1723446893787575,[2 3 1 3],[0.17285  0.38859  0.23018  0.202695],0.0010553097737402717,0.015264330717710066,1988.63
6.212424849699398,[1 3 2 1],[0.086425 0.38859  0.46036  0.067565],0.0008567585143579077,0.014266607593547054,2005.88
6.25250501002004,[1 3 2 1],[0.086425 0.38859  0.46036  0.067565],0.0008567585143579077,0.014266607593547054,2005.88
6.292585170340681,[1 3 2 1],[0.086425 0.38859  0.46036  0.067565],0.0008567585143579077,0.014266607593547054,2005.88
6.332665330661323,[1 3 2 1],[0.086425 0.38859  0.46036  0.067565],0.0008567585143579077,0.014266607593547054,2005.88
6.372745490981964,[1 3 2 1],[0.086425 0.38859  0.46036  0.067565],0.0008567585143579077,0.014266607593547054,2005.88
6.4128256513026045,[1 3 2 1],[0.086425 0.38859  0.46036  0.067565],0.0008567585143579077,0.014266607593547054,2005.88
6.452905811623246,[1 3 2 1],[0.086425 0.38859  0.46036  0.067565],0.0008567585143579077,0.014266607593547054,2005.88
6.492985971943887,[1 3 2 1],[0.086425 0.38859  0.46036  0.067565],0.0008567585143579077,0.014266607593547054,2005.88
6.533066132264529,[1 3 2 1],[0.086425 0.38859  0.46036  0.067565],0.0008567585143579077,0.014266607593547054,2005.88
6.57314629258517,[1 3 2 1],[0.086425 0.38859  0.46036  0.067565],0.0008567585143579077,0.014266607593547054,2005.88
6.613226452905812,[1 3 2 1],[0.086425 0.38859  0.46036  0.067565],0.0008567585143579077,0.014266607593547054,2005.88
6.6533066132264524,[1 3 2 1],[0.086425 0.38859  0.46036  0.067565],0.0008567585143579077,0.014266607593547054,2005.88
6.693386773547094,[1 3 2 1],[0.086425 0.38859  0.46036  0.067565],0.0008567585143579077,0.014266607593547054,2005.88
6.733466933867735,[1 3 2 1],[0.086425 0.38859  0.46036  0.067565],0.0008567585143579077,0.014266607593547054,2005.88
6.773547094188377,[1 3 2 1],[0.086425 0.38859  0.46036  0.067565],0.0008567585143579077,0.014266607593547054,2005.88
6.813627254509018,[1 3 2 1],[0.086425 0.38859  0.46036  0.067565],0.0008567585143579077,0.014266607593547054,2005.88
6.853707414829659,[1 3 2 1],[0.086425 0.38859  0.46036  0.067565],0.0008567585143579077,0.014266607593547054,2005.88
6.8937875751503,[1 3 2 1],[0.086425 0.38859  0.46036  0.067565],0.0008567585143579077,0.014266607593547054,2005.88
6.933867735470941,[1 3 2 1],[0.086425 0.38859  0.46036  0.067565],0.0008567585143579077,0.014266607593547054,2005.88
6.973947895791583,[1 3 2 1],[0.086425 0.38859  0.46036  0.067565],0.0008567585143579077,0.014266607593547054,2005.88
7.014028056112224,[1 3 2 1],[0.086425 0.38859  0.46036  0.067565],0.0008567585143579077,0.014266607593547054,2005.88
7.054108216432866,[1 3 2 1],[0.086425 0.38859  0.46036  0.067565],0.0008567585143579077,0.014266607593547054,2005.88
7.0941883767535066,[1 3 2 1],[0.086425 0.38859  0.46036  0.067565],0.0008567585143579077,0.014266607593547054,2005.88
7.134268537074148,[1 3 2 1],[0.086425 0.38859  0.46036  0.067565],0.0008567585143579077,0.014266607593547054,2005.88
7.174348697394789,[1 3 2 1],[0.086425 0.38859  0.46036  0.067565],0.0008567585143579077,0.014266607593547054,2005.88
7.214428857715431,[1 3 2 1],[0.086425 0.38859  0.46036  0.067565],0.0008567585143579077,0.014266607593547054,2005.88
7.254509018036072,[1 3 2 1],[0.086425 0.38859  0.46036  0.067565],0.0008567585143579077,0.014266607593547054,2005.88
7.294589178356713,[1 3 2 1],[0.086425 0.38859  0.46036  0.067565],0.0008567585143579077,0.014266607593547054,2005.88
7.3346693386773545,[1 3 2 1],[0.086425 0.38859  0.46036  0.067565],0.0008567585143579077,0.014266607593547054,2005.88
7.374749498997995,[1 3 2 1],[0.086425 0.38859  0.46036  0.067565],0.0008567585143579077,0.014266607593547054,2005.88
7.414829659318637,[1 3 2 1],[0.086425 0.38859  0.46036  0.067565],0.0008567585143579077,0.014266607593547054,2005.88
7.454909819639278,[1 3 2 1],[0.086425 0.38859  0.46036  0.067565],0.0008567585143579077,0.014266607593547054,2005.88
7.49498997995992,[1 3 2 1],[0.086425 0.38859  0.46036  0.067565],0.0008567585143579077,0.014266607593547054,2005.88
7.535070140280561,[1 3 2 1],[0.086425 0.38859  0.46036  0.067565],0.0008567585143579077,0.014266607593547054,2005.88
7.575150300601202,[1 3 2 1],[0.086425 0.38859  0.46036  0.067565],0.0008567585143579077,0.014266607593547054,2005.88
7.615230460921843,[1 3 2 1],[0.086425 0.38859  0.46036  0.067565],0.0008567585143579077,0.014266607593547054,2005.88
7.655310621242485,[1 3 2 1],[0.086425 0.38859  0.46036  0.067565],0.0008567585143579077,0.014266607593547054,2005.88
7.695390781563126,[1 3 2 1],[0.086425 0.38859  0.46036  0.067565],0.0008567585143579077,0.014266607593547054,2005.88
7.735470941883767,[1 3 2 1],[0.086425 0.38859  0.46036  0.067565],0.0008567585143579077,0.014266607593547054,2005.88
7.775551102204409,[1 3 2 1],[0.086425 0.38859  0.46036  0.067565],0.0008567585143579077,0.014266607593547054,2005.88
7.8156312625250495,[1 3 2 1],[0.086425 0.38859  0.46036  0.067565],0.0008567585143579077,0.014266607593547054,2005.88
7.855711422845691,[1 3 2 1],[0.086425 0.38859  0.46036  0.067565],0.0008567585143579077,0.014266607593547054,2005.88
7.895791583166332,[1 3 2 1],[0.086425 0.38859  0.46036  0.067565],0.0008567585143579077,0.014266607593547054,2005.88
7.935871743486974,[1 3 2 1],[0.086425 0.38859  0.46036  0.067565],0.0008567585143579077,0.014266607593547054,2005.88
7.975951903807615,[1 3 2 1],[0.086425 0.38859  0.46036  0.067565],0.0008567585143579077,0.014266607593547054,2005.88
8.016032064128256,[1 3 2 1],[0.086425 0.38859  0.46036  0.067565],0.0008567585143579077,0.014266607593547054,2005.88
8.056112224448897,[1 3 2 1],[0.086425 0.38859  0.46036  0.067565],0.0008567585143579077,0.014266607593547054,2005.88
8.09619238476954,[1 3 2 1],[0.086425 0.38859  0.46036  0.067565],0.0008567585143579077,0.014266607593547054,2005.88
8.13627254509018,[1 3 2 1],[0.086425 0.38859  0.46036  0.067565],0.0008567585143579077,0.014266607593547054,2005.88
8.176352705410821,[1 3 2 1],[0.086425 0.38859  0.46036  0.067565],0.0008567585143579077,0.014266607593547054,2005.88
8.216432865731463,[1 3 2 1],[0.086425 0.38859  0.46036  0.067565],0.0008567585143579077,0.014266607593547054,2005.88
8.256513026052104,[1 3 2 1],[0.086425 0.38859  0.46036  0.067565],0.0008567585143579077,0.014266607593547054,2005.88
8.296593186372744,[1 3 2 1],[0.086425 0.38859  0.46036  0.067565],0.0008567585143579077,0.014266607593547054,2005.88
8.336673346693386,[1 3 2 1],[0.086425 0.38859  0.46036  0.067565],0.0008567585143579077,0.014266607593547054,2005.88
8.376753507014028,[1 3 2 1],[0.086425 0.38859  0.46036  0.067565],0.0008567585143579077,0.014266607593547054,2005.88
8.41683366733467,[1 3 2 1],[0.086425 0.38859  0.46036  0.067565],0.0008567585143579077,0.014266607593547054,2005.88
8.45691382765531,[1 3 2 1],[0.086425 0.38859  0.46036  0.067565],0.0008567585143579077,0.014266607593547054,2005.88
8.496993987975952,[1 3 2 1],[0.086425 0.38859  0.46036  0.067565],0.0008567585143579077,0.014266607593547054,2005.88
8.537074148296593,[1 3 2 1],[0.086425 0.38859  0.46036  0.067565],0.0008567585143579077,0.014266607593547054,2005.88
8.577154308617233,[1 3 2 1],[0.086425 0.38859  0.46036  0.067565],0.0008567585143579077,0.014266607593547054,2005.88
8.617234468937875,[1 3 2 1],[0.086425 0.38859  0.46036  0.067565],0.0008567585143579077,0.014266607593547054,2005.88
8.657314629258517,[1 3 2 1],[0.086425 0.38859  0.46036  0.067565],0.0008567585143579077,0.014266607593547054,2005.88
8.697394789579159,[1 3 2 1],[0.086425 0.38859  0.46036  0.067565],0.0008567585143579077,0.014266607593547054,2005.88
8.737474949899799,[1 3 2 1],[0.086425 0.38859  0.46036  0.067565],0.0008567585143579077,0.014266607593547054,2005.88
8.77755511022044,[1 3 2 1],[0.086425 0.38859  0.46036  0.067565],0.0008567585143579077,0.014266607593547054,2005.88
8.817635270541082,[1 3 2 1],[0.086425 0.38859  0.46036  0.067565],0.0008567585143579077,0.014266607593547054,2005.88
8.857715430861724,[1 3 2 1],[0.086425 0.38859  0.46036  0.067565],0.0008567585143579077,0.014266607593547054,2005.88
8.897795591182364,[1 3 2 1],[0.086425 0.38859  0.46036  0.067565],0.0008567585143579077,0.014266607593547054,2005.88
8.937875751503006,[1 3 2 1],[0.086425 0.38859  0.46036  0.067565],0.0008567585143579077,0.014266607593547054,2005.88
8.977955911823647,[1 3 2 1],[0.086425 0.38859  0.46036  0.067565],0.0008567585143579077,0.014266607593547054,2005.88
9.018036072144287,[1 3 2 1],[0.086425 0.38859  0.46036  0.067565],0.0008567585143579077,0.014266607593547054,2005.88
9.05811623246493,[1 3 2 1],[0.086425 0.38859  0.46036  0.067565],0.0008567585143579077,0.014266607593547054,2005.88
9.098196392785571,[1 3 2 1],[0.086425 0.38859  0.46036  0.067565],0.0008567585143579077,0.014266607593547054,2005.88
9.138276553106213,[1 3 2 1],[0.086425 0.38859  0.46036  0.067565],0.0008567585143579077,0.014266607593547054,2005.88
9.178356713426853,[1 3 2 1],[0.086425 0.38859  0.46036  0.067565],0.0008567585143579077,0.014266607593547054,2005.88
9.218436873747494,[1 3 2 1],[0.086425 0.38859  0.46036  0.067565],0.0008567585143579077,0.014266607593547054,2005.88
9.258517034068136,[1 3 2 1],[0.086425 0.38859  0.46036  0.067565],0.0008567585143579077,0.014266607593547054,2005.88
9.298597194388778,[1 3 2 1],[0.086425 0.38859  0.46036  0.067565],0.0008567585143579077,0.014266607593547054,2005.88
9.338677354709418,[1 3 2 1],[0.086425 0.38859  0.46036  0.067565],0.0008567585143579077,0.014266607593547054,2005.88
9.37875751503006,[1 3 2 1],[0.086425 0.38859  0.46036  0.067565],0.0008567585143579077,0.014266607593547054,2005.88
9.418837675350701,[1 3 2 1],[0.086425 0.38859  0.46036  0.067565],0.0008567585143579077,0.014266607593547054,2005.88
9.458917835671341,[1 3 2 1],[0.086425 0.38859  0.46036  0.067565],0.0008567585143579077,0.014266607593547054,2005.88
9.498997995991983,[1 3 2 1],[0.086425 0.38859  0.46036  0.067565],0.0008567585143579077,0.014266607593547054,2005.88
9.539078156312625,[1 3 2 1],[0.086425 0.38859  0.46036  0.067565],0.0008567585143579077,0.014266607593547054,2005.88
9.579158316633267,[1 3 2 1],[0.086425 0.38859  0.46036  0.067565],0.0008567585143579077,0.014266607593547054,2005.88
9.619238476953907,[1 3 2 1],[0.086425 0.38859  0.46036  0.067565],0.0008567585143579077,0.014266607593547054,2005.88
9.659318637274549,[1 3 2 1],[0.086425 0.38859  0.46036  0.067565],0.0008567585143579077,0.014266607593547054,2005.88
9.69939879759519,[1 3 2 1],[0.086425 0.38859  0.46036  0.067565],0.0008567585143579077,0.014266607593547054,2005.88
9.739478957915832,[1 3 2 1],[0.086425 0.38859  0.46036  0.067565],0.0008567585143579077,0.014266607593547054,2005.88
9.779559118236472,[1 3 2 1],[0.086425 0.38859  0.46036  0.067565],0.0008567585143579077,0.014266607593547054,2005.88
9.819639278557114,[1 3 2 1],[0.086425 0.38859  0.46036  0.067565],0.0008567585143579077,0.014266607593547054,2005.88
9.859719438877756,[1 3 2 1],[0.086425 0.38859  0.46036  0.067565],0.0008567585143579077,0.014266607593547054,2005.88
9.899799599198396,[1 3 2 1],[0.086425 0.38859  0.46036  0.067565],0.0008567585143579077,0.014266607593547054,2005.88
9.939879759519037,[1 3 2 1],[0.086425 0.38859  0.46036  0.067565],0.0008567585143579077,0.014266607593547054,2005.88
9.97995991983968,[1 3 2 1],[0.086425 0.38859  0.46036  0.067565],0.0008567585143579077,0.014266607593547054,2005.88
10.02004008016032,[1 3 2 1],[0.086425 0.38859  0.46036  0.067565],0.0008567585143579077,0.014266607593547054,2005.88
10.06012024048096,[1 3 2 1],[0.086425 0.38859  0.46036  0.067565],0.0008567585143579077,0.014266607593547054,2005.88
10.100200400801603,[1 3 2 1],[0.086425 0.38859  0.46036  0.067565],0.0008567585143579077,0.014266607593547054,2005.88
10.140280561122244,[1 3 2 1],[0.086425 0.38859  0.46036  0.067565],0.0008567585143579077,0.014266607593547054,2005.88
10.180360721442886,[1 3 2 1],[0.086425 0.38859  0.46036  0.067565],0.0008567585143579077,0.014266607593547054,2005.88
10.220440881763526,[1 3 2 1],[0.086425 0.38859  0.46036  0.067565],0.0008567585143579077,0.014266607593547054,2005.88
10.260521042084168,[3 4 1 0],[0.259275 0.51812  0.23018  0.      ],0.0006283412188441289,0.013632835302676045,2015.15
10.30060120240481,[3 4 1 0],[0.259275 0.51812  0.23018  0.      ],0.0006283412188441289,0.013632835302676045,2015.15
10.34068136272545,[3 4 1 0],[0.259275 0.51812  0.23018  0.      ],0.0006283412188441289,0.013632835302676045,2015.15
10.380761523046091,[3 4 1 0],[0.259275 0.51812  0.23018  0.      ],0.0006283412188441289,0.013632835302676045,2015.15
10.420841683366733,[1 3 2 1],[0.086425 0.38859  0.46036  0.067565],0.0008567585143579077,0.014266607593547054,2005.88
10.460921843687375,[3 4 1 0],[0.259275 0.51812  0.23018  0.      ],0.0006283412188441289,0.013632835302676045,2015.15
10.501002004008015,[3 4 1 0],[0.259275 0.51812  0.23018  0.      ],0.0006283412188441289,0.013632835302676045,2015.15
10.541082164328657,[3 4 1 0],[0.259275 0.51812  0.23018  0.      ],0.0006283412188441289,0.013632835302676045,2015.15
10.581162324649299,[3 4 1 0],[0.259275 0.51812  0.23018  0.      ],0.0006283412188441289,0.013632835302676045,2015.15
10.62124248496994,[3 4 1 0],[0.259275 0.51812  0.23018  0.      ],0.0006283412188441289,0.013632835302676045,2015.15
10.66132264529058,[3 4 1 0],[0.259275 0.51812  0.23018  0.      ],0.0006283412188441289,0.013632835302676045,2015.15
10.701402805611222,[3 4 1 0],[0.259275 0.51812  0.23018  0.      ],0.0006283412188441289,0.013632835302676045,2015.15
10.741482965931864,[3 4 1 0],[0.259275 0.51812  0.23018  0.      ],0.0006283412188441289,0.013632835302676045,2015.15
10.781563126252504,[3 4 1 0],[0.259275 0.51812  0.23018  0.      ],0.0006283412188441289,0.013632835302676045,2015.15
10.821643286573146,[3 4 1 0],[0.259275 0.51812  0.23018  0.      ],0.0006283412188441289,0.013632835302676045,2015.15
10.861723446893787,[3 4 1 0],[0.259275 0.51812  0.23018  0.      ],0.0006283412188441289,0.013632835302676045,2015.15
10.901803607214429,[3 4 1 0],[0.259275 0.51812  0.23018  0.      ],0.0006283412188441289,0.013632835302676045,2015.15
10.941883767535069,[3 4 1 0],[0.259275 0.51812  0.23018  0.      ],0.0006283412188441289,0.013632835302676045,2015.15
10.98196392785571,[3 4 1 0],[0.259275 0.51812  0.23018  0.      ],0.0006283412188441289,0.013632835302676045,2015.15
11.022044088176353,[3 4 1 0],[0.259275 0.51812  0.23018  0.      ],0.0006283412188441289,0.013632835302676045,2015.15
11.062124248496994,[3 4 1 0],[0.259275 0.51812  0.23018  0.      ],0.0006283412188441289,0.013632835302676045,2015.15
11.102204408817634,[3 4 1 0],[0.259275 0.51812  0.23018  0.      ],0.0006283412188441289,0.013632835302676045,2015.15
11.142284569138276,[3 4 1 0],[0.259275 0.51812  0.23018  0.      ],0.0006283412188441289,0.013632835302676045,2015.15
11.182364729458918,[3 4 1 0],[0.259275 0.51812  0.23018  0.      ],0.0006283412188441289,0.013632835302676045,2015.15
11.222444889779558,[3 4 1 0],[0.259275 0.51812  0.23018  0.      ],0.0006283412188441289,0.013632835302676045,2015.15
11.2625250501002,[3 4 1 0],[0.259275 0.51812  0.23018  0.      ],0.0006283412188441289,0.013632835302676045,2015.15
11.302605210420841,[3 4 1 0],[0.259275 0.51812  0.23018  0.      ],0.0006283412188441289,0.013632835302676045,2015.15
11.342685370741483,[3 4 1 0],[0.259275 0.51812  0.23018  0.      ],0.0006283412188441289,0.013632835302676045,2015.15
11.382765531062123,[3 4 1 0],[0.259275 0.51812  0.23018  0.      ],0.0006283412188441289,0.013632835302676045,2015.15
11.422845691382765,[3 4 1 0],[0.259275 0.51812  0.23018  0.      ],0.0006283412188441289,0.013632835302676045,2015.15
11.462925851703407,[3 4 1 0],[0.259275 0.51812  0.23018  0.      ],0.0006283412188441289,0.013632835302676045,2015.15
11.503006012024048,[3 4 1 0],[0.259275 0.51812  0.23018  0.      ],0.0006283412188441289,0.013632835302676045,2015.15
11.543086172344688,[3 4 1 0],[0.259275 0.51812  0.23018  0.      ],0.0006283412188441289,0.013632835302676045,2015.15
11.58316633266533,[3 4 1 0],[0.259275 0.51812  0.23018  0.      ],0.0006283412188441289,0.013632835302676045,2015.15
11.623246492985972,[3 4 1 0],[0.259275 0.51812  0.23018  0.      ],0.0006283412188441289,0.013632835302676045,2015.15
11.663326653306612,[3 4 1 0],[0.259275 0.51812  0.23018  0.      ],0.0006283412188441289,0.013632835302676045,2015.15
11.703406813627254,[3 4 1 0],[0.259275 0.51812  0.23018  0.      ],0.0006283412188441289,0.013632835302676045,2015.15
11.743486973947896,[3 4 1 0],[0.259275 0.51812  0.23018  0.      ],0.0006283412188441289,0.013632835302676045,2015.15
11.783567134268537,[3 4 1 0],[0.259275 0.51812  0.23018  0.      ],0.0006283412188441289,0.013632835302676045,2015.15
11.823647294589177,[3 4 1 0],[0.259275 0.51812  0.23018  0.      ],0.0006283412188441289,0.013632835302676045,2015.15
11.863727454909819,[3 4 1 0],[0.259275 0.51812  0.23018  0.      ],0.0006283412188441289,0.013632835302676045,2015.15
11.90380761523046,[3 4 1 0],[0.259275 0.51812  0.23018  0.      ],0.0006283412188441289,0.013632835302676045,2015.15
11.943887775551103,[3 4 1 0],[0.259275 0.51812  0.23018  0.      ],0.0006283412188441289,0.013632835302676045,2015.15
11.983967935871743,[3 4 1 0],[0.259275 0.51812  0.23018  0.      ],0.0006283412188441289,0.013632835302676045,2015.15
12.024048096192384,[3 4 1 0],[0.259275 0.51812  0.23018  0.      ],0.0006283412188441289,0.013632835302676045,2015.15
12.064128256513026,[3 4 1 0],[0.259275 0.51812  0.23018  0.      ],0.0006283412188441289,0.013632835302676045,2015.15
12.104208416833666,[3 4 1 0],[0.259275 0.51812  0.23018  0.      ],0.0006283412188441289,0.013632835302676045,2015.15
12.144288577154308,[3 4 1 0],[0.259275 0.51812  0.23018  0.      ],0.0006283412188441289,0.013632835302676045,2015.15
12.18436873747495,[3 4 1 0],[0.259275 0.51812  0.23018  0.      ],0.0006283412188441289,0.013632835302676045,2015.15
12.224448897795591,[3 4 1 0],[0.259275 0.51812  0.23018  0.      ],0.0006283412188441289,0.013632835302676045,2015.15
12.264529058116231,[3 4 1 0],[0.259275 0.51812  0.23018  0.      ],0.0006283412188441289,0.013632835302676045,2015.15
12.304609218436873,[3 4 1 0],[0.259275 0.51812  0.23018  0.      ],0.0006283412188441289,0.013632835302676045,2015.15
12.344689378757515,[3 4 1 0],[0.259275 0.51812  0.23018  0.      ],0.0006283412188441289,0.013632835302676045,2015.15
12.384769539078157,[3 4 1 0],[0.259275 0.51812  0.23018  0.      ],0.0006283412188441289,0.013632835302676045,2015.15
12.424849699398797,[3 4 1 0],[0.259275 0.51812  0.23018  0.      ],0.0006283412188441289,0.013632835302676045,2015.15
12.464929859719438,[3 4 1 0],[0.259275 0.51812  0.23018  0.      ],0.0006283412188441289,0.013632835302676045,2015.15
12.50501002004008,[3 4 1 0],[0.259275 0.51812  0.23018  0.      ],0.0006283412188441289,0.013632835302676045,2015.15
12.54509018036072,[3 4 1 0],[0.259275 0.51812  0.23018  0.      ],0.0006283412188441289,0.013632835302676045,2015.15
12.585170340681362,[3 4 1 0],[0.259275 0.51812  0.23018  0.      ],0.0006283412188441289,0.013632835302676045,2015.15
12.625250501002004,[3 4 1 0],[0.259275 0.51812  0.23018  0.      ],0.0006283412188441289,0.013632835302676045,2015.15
12.665330661322646,[3 4 1 0],[0.259275 0.51812  0.23018  0.      ],0.0006283412188441289,0.013632835302676045,2015.15
12.705410821643286,[3 4 1 0],[0.259275 0.51812  0.23018  0.      ],0.0006283412188441289,0.013632835302676045,2015.15
12.745490981963927,[3 4 1 0],[0.259275 0.51812  0.23018  0.      ],0.0006283412188441289,0.013632835302676045,2015.15
12.785571142284569,[3 4 1 0],[0.259275 0.51812  0.23018  0.      ],0.0006283412188441289,0.013632835302676045,2015.15
12.825651302605209,[3 4 1 0],[0.259275 0.51812  0.23018  0.      ],0.0006283412188441289,0.013632835302676045,2015.15
12.86573146292585,[3 4 1 0],[0.259275 0.51812  0.23018  0.      ],0.0006283412188441289,0.013632835302676045,2015.15
12.905811623246493,[4 4 0 2],[0.3457  0.51812 0.      0.13513],0.000826892478226493,0.014595649827581908,1997.8999999999999
12.945891783567134,[3 4 1 0],[0.259275 0.51812  0.23018  0.      ],0.0006283412188441289,0.013632835302676045,2015.15
12.985971943887774,[3 4 1 0],[0.259275 0.51812  0.23018  0.      ],0.0006283412188441289,0.013632835302676045,2015.15
13.026052104208416,[3 4 1 0],[0.259275 0.51812  0.23018  0.      ],0.0006283412188441289,0.013632835302676045,2015.15
13.066132264529058,[3 4 1 0],[0.259275 0.51812  0.23018  0.      ],0.0006283412188441289,0.013632835302676045,2015.15
13.1062124248497,[2 3 1 3],[0.17285  0.38859  0.23018  0.202695],0.0010553097737402717,0.015264330717710066,1988.63
13.14629258517034,[1 3 2 1],[0.086425 0.38859  0.46036  0.067565],0.0008567585143579077,0.014266607593547054,2005.88
13.186372745490981,[1 3 2 1],[0.086425 0.38859  0.46036  0.067565],0.0008567585143579077,0.014266607593547054,2005.88
13.226452905811623,[1 3 2 1],[0.086425 0.38859  0.46036  0.067565],0.0008567585143579077,0.014266607593547054,2005.88
13.266533066132263,[1 3 2 1],[0.086425 0.38859  0.46036  0.067565],0.0008567585143579077,0.014266607593547054,2005.88
13.306613226452905,[3 4 1 0],[0.259275 0.51812  0.23018  0.      ],0.0006283412188441289,0.013632835302676045,2015.15
13.346693386773547,[3 4 1 0],[0.259275 0.51812  0.23018  0.      ],0.0006283412188441289,0.013632835302676045,2015.15
13.386773547094188,[3 4 1 0],[0.259275 0.51812  0.23018  0.      ],0.0006283412188441289,0.013632835302676045,2015.15
13.426853707414828,[3 4 1 0],[0.259275 0.51812  0.23018  0.      ],0.0006283412188441289,0.013632835302676045,2015.15
13.46693386773547,[3 4 1 0],[0.259275 0.51812  0.23018  0.      ],0.0006283412188441289,0.013632835302676045,2015.15
13.507014028056112,[3 4 1 0],[0.259275 0.51812  0.23018  0.      ],0.0006283412188441289,0.013632835302676045,2015.15
13.547094188376754,[3 4 1 0],[0.259275 0.51812  0.23018  0.      ],0.0006283412188441289,0.013632835302676045,2015.15
13.587174348697394,[3 4 1 0],[0.259275 0.51812  0.23018  0.      ],0.0006283412188441289,0.013632835302676045,2015.15
13.627254509018035,[3 4 1 0],[0.259275 0.51812  0.23018  0.      ],0.0006283412188441289,0.013632835302676045,2015.15
13.667334669338677,[3 4 1 0],[0.259275 0.51812  0.23018  0.      ],0.0006283412188441289,0.013632835302676045,2015.15
13.707414829659317,[3 4 1 0],[0.259275 0.51812  0.23018  0.      ],0.0006283412188441289,0.013632835302676045,2015.15
13.747494989979959,[3 4 1 0],[0.259275 0.51812  0.23018  0.      ],0.0006283412188441289,0.013632835302676045,2015.15
13.7875751503006,[3 4 1 0],[0.259275 0.51812  0.23018  0.      ],0.0006283412188441289,0.013632835302676045,2015.15
13.827655310621243,[3 4 1 0],[0.259275 0.51812  0.23018  0.      ],0.0006283412188441289,0.013632835302676045,2015.15
13.867735470941883,[3 4 1 0],[0.259275 0.51812  0.23018  0.      ],0.0006283412188441289,0.013632835302676045,2015.15
13.907815631262524,[3 4 1 0],[0.259275 0.51812  0.23018  0.      ],0.0006283412188441289,0.013632835302676045,2015.15
13.947895791583166,[3 4 1 0],[0.259275 0.51812  0.23018  0.      ],0.0006283412188441289,0.013632835302676045,2015.15
13.987975951903808,[3 4 1 0],[0.259275 0.51812  0.23018  0.      ],0.0006283412188441289,0.013632835302676045,2015.15
14.028056112224448,[3 4 1 0],[0.259275 0.51812  0.23018  0.      ],0.0006283412188441289,0.013632835302676045,2015.15
14.06813627254509,[3 4 1 0],[0.259275 0.51812  0.23018  0.      ],0.0006283412188441289,0.013632835302676045,2015.15
14.108216432865731,[3 4 1 0],[0.259275 0.51812  0.23018  0.      ],0.0006283412188441289,0.013632835302676045,2015.15
14.148296593186371,[3 4 1 0],[0.259275 0.51812  0.23018  0.      ],0.0006283412188441289,0.013632835302676045,2015.15
14.188376753507013,[3 4 1 0],[0.259275 0.51812  0.23018  0.      ],0.0006283412188441289,0.013632835302676045,2015.15
14.228456913827655,[3 4 1 0],[0.259275 0.51812  0.23018  0.      ],0.0006283412188441289,0.013632835302676045,2015.15
14.268537074148297,[3 4 1 0],[0.259275 0.51812  0.23018  0.      ],0.0006283412188441289,0.013632835302676045,2015.15
14.308617234468937,[3 4 1 0],[0.259275 0.51812  0.23018  0.      ],0.0006283412188441289,0.013632835302676045,2015.15
14.348697394789578,[3 4 1 0],[0.259275 0.51812  0.23018  0.      ],0.0006283412188441289,0.013632835302676045,2015.15
14.38877755511022,[3 4 1 0],[0.259275 0.51812  0.23018  0.      ],0.0006283412188441289,0.013632835302676045,2015.15
14.428857715430862,[3 4 1 0],[0.259275 0.51812  0.23018  0.      ],0.0006283412188441289,0.013632835302676045,2015.15
14.468937875751502,[3 4 1 0],[0.259275 0.51812  0.23018  0.      ],0.0006283412188441289,0.013632835302676045,2015.15
14.509018036072144,[3 4 1 0],[0.259275 0.51812  0.23018  0.      ],0.0006283412188441289,0.013632835302676045,2015.15
14.549098196392785,[3 4 1 0],[0.259275 0.51812  0.23018  0.      ],0.0006283412188441289,0.013632835302676045,2015.15
14.589178356713425,[3 4 1 0],[0.259275 0.51812  0.23018  0.      ],0.0006283412188441289,0.013632835302676045,2015.15
14.629258517034067,[3 4 1 0],[0.259275 0.51812  0.23018  0.      ],0.0006283412188441289,0.013632835302676045,2015.15
14.669338677354709,[3 4 1 0],[0.259275 0.51812  0.23018  0.      ],0.0006283412188441289,0.013632835302676045,2015.15
14.70941883767535,[3 4 1 0],[0.259275 0.51812  0.23018  0.      ],0.0006283412188441289,0.013632835302676045,2015.15
14.74949899799599,[3 4 1 0],[0.259275 0.51812  0.23018  0.      ],0.0006283412188441289,0.013632835302676045,2015.15
14.789579158316633,[3 4 1 0],[0.259275 0.51812  0.23018  0.      ],0.0006283412188441289,0.013632835302676045,2015.15
14.829659318637274,[3 4 1 0],[0.259275 0.51812  0.23018  0.      ],0.0006283412188441289,0.013632835302676045,2015.15
14.869739478957916,[3 4 1 0],[0.259275 0.51812  0.23018  0.      ],0.0006283412188441289,0.013632835302676045,2015.15
14.909819639278556,[3 4 1 0],[0.259275 0.51812  0.23018  0.      ],0.0006283412188441289,0.013632835302676045,2015.15
14.949899799599198,[3 4 1 0],[0.259275 0.51812  0.23018  0.      ],0.0006283412188441289,0.013632835302676045,2015.15
14.98997995991984,[3 4 1 0],[0.259275 0.51812  0.23018  0.      ],0.0006283412188441289,0.013632835302676045,2015.15
15.03006012024048,[3 4 1 0],[0.259275 0.51812  0.23018  0.      ],0.0006283412188441289,0.013632835302676045,2015.15
15.070140280561121,[3 4 1 0],[0.259275 0.51812  0.23018  0.      ],0.0006283412188441289,0.013632835302676045,2015.15
15.110220440881763,[3 4 1 0],[0.259275 0.51812  0.23018  0.      ],0.0006283412188441289,0.013632835302676045,2015.15
15.150300601202405,[3 4 1 0],[0.259275 0.51812  0.23018  0.      ],0.0006283412188441289,0.013632835302676045,2015.15
15.190380761523045,[3 4 1 0],[0.259275 0.51812  0.23018  0.      ],0.0006283412188441289,0.013632835302676045,2015.15
15.230460921843687,[3 4 1 0],[0.259275 0.51812  0.23018  0.      ],0.0006283412188441289,0.013632835302676045,2015.15
15.270541082164328,[3 4 1 0],[0.259275 0.51812  0.23018  0.      ],0.0006283412188441289,0.013632835302676045,2015.15
15.31062124248497,[3 4 1 0],[0.259275 0.51812  0.23018  0.      ],0.0006283412188441289,0.013632835302676045,2015.15
15.35070140280561,[3 4 1 0],[0.259275 0.51812  0.23018  0.      ],0.0006283412188441289,0.013632835302676045,2015.15
15.390781563126252,[3 4 1 0],[0.259275 0.51812  0.23018  0.      ],0.0006283412188441289,0.013632835302676045,2015.15
15.430861723446894,[3 4 1 0],[0.259275 0.51812  0.23018  0.      ],0.0006283412188441289,0.013632835302676045,2015.15
15.470941883767534,[3 4 1 0],[0.259275 0.51812  0.23018  0.      ],0.0006283412188441289,0.013632835302676045,2015.15
15.511022044088175,[3 4 1 0],[0.259275 0.51812  0.23018  0.      ],0.0006283412188441289,0.013632835302676045,2015.15
15.551102204408817,[3 4 1 0],[0.259275 0.51812  0.23018  0.      ],0.0006283412188441289,0.013632835302676045,2015.15
15.591182364729459,[3 4 1 0],[0.259275 0.51812  0.23018  0.      ],0.0006283412188441289,0.013632835302676045,2015.15
15.631262525050099,[3 4 1 0],[0.259275 0.51812  0.23018  0.      ],0.0006283412188441289,0.013632835302676045,2015.15
15.67134268537074,[3 4 1 0],[0.259275 0.51812  0.23018  0.      ],0.0006283412188441289,0.013632835302676045,2015.15
15.711422845691382,[3 4 1 0],[0.259275 0.51812  0.23018  0.      ],0.0006283412188441289,0.013632835302676045,2015.15
15.751503006012024,[3 4 1 0],[0.259275 0.51812  0.23018  0.      ],0.0006283412188441289,0.013632835302676045,2015.15
15.791583166332664,[3 4 1 0],[0.259275 0.51812  0.23018  0.      ],0.0006283412188441289,0.013632835302676045,2015.15
15.831663326653306,[3 4 1 0],[0.259275 0.51812  0.23018  0.      ],0.0006283412188441289,0.013632835302676045,2015.15
15.871743486973948,[3 4 1 0],[0.259275 0.51812  0.23018  0.      ],0.0006283412188441289,0.013632835302676045,2015.15
15.911823647294588,[3 4 1 0],[0.259275 0.51812  0.23018  0.      ],0.0006283412188441289,0.013632835302676045,2015.15
15.95190380761523,[3 4 1 0],[0.259275 0.51812  0.23018  0.      ],0.0006283412188441289,0.013632835302676045,2015.15
15.991983967935871,[3 4 1 0],[0.259275 0.51812  0.23018  0.      ],0.0006283412188441289,0.013632835302676045,2015.15
16.03206412825651,[3 4 1 0],[0.259275 0.51812  0.23018  0.      ],0.0006283412188441289,0.013632835302676045,2015.15
16.072144288577153,[3 4 1 0],[0.259275 0.51812  0.23018  0.      ],0.0006283412188441289,0.013632835302676045,2015.15
16.112224448897795,[3 4 1 0],[0.259275 0.51812  0.23018  0.      ],0.0006283412188441289,0.013632835302676045,2015.15
16.152304609218437,[3 4 1 0],[0.259275 0.51812  0.23018  0.      ],0.0006283412188441289,0.013632835302676045,2015.15
16.19238476953908,[3 4 1 0],[0.259275 0.51812  0.23018  0.      ],0.0006283412188441289,0.013632835302676045,2015.15
16.23246492985972,[3 4 1 0],[0.259275 0.51812  0.23018  0.      ],0.0006283412188441289,0.013632835302676045,2015.15
16.27254509018036,[3 4 1 0],[0.259275 0.51812  0.23018  0.      ],0.0006283412188441289,0.013632835302676045,2015.15
16.312625250501,[3 4 1 0],[0.259275 0.51812  0.23018  0.      ],0.0006283412188441289,0.013632835302676045,2015.15
16.352705410821642,[3 4 1 0],[0.259275 0.51812  0.23018  0.      ],0.0006283412188441289,0.013632835302676045,2015.15
16.392785571142284,[3 4 1 0],[0.259275 0.51812  0.23018  0.      ],0.0006283412188441289,0.013632835302676045,2015.15
16.432865731462925,[3 4 1 0],[0.259275 0.51812  0.23018  0.      ],0.0006283412188441289,0.013632835302676045,2015.15
16.472945891783567,[3 4 1 0],[0.259275 0.51812  0.23018  0.      ],0.0006283412188441289,0.013632835302676045,2015.15
16.51302605210421,[3 4 1 0],[0.259275 0.51812  0.23018  0.      ],0.0006283412188441289,0.013632835302676045,2015.15
16.55310621242485,[3 4 1 0],[0.259275 0.51812  0.23018  0.      ],0.0006283412188441289,0.013632835302676045,2015.15
16.59318637274549,[3 4 1 0],[0.259275 0.51812  0.23018  0.      ],0.0006283412188441289,0.013632835302676045,2015.15
16.63326653306613,[3 4 1 0],[0.259275 0.51812  0.23018  0.      ],0.0006283412188441289,0.013632835302676045,2015.15
16.673346693386772,[3 4 1 0],[0.259275 0.51812  0.23018  0.      ],0.0006283412188441289,0.013632835302676045,2015.15
16.713426853707414,[3 4 1 0],[0.259275 0.51812  0.23018  0.      ],0.0006283412188441289,0.013632835302676045,2015.15
16.753507014028056,[3 4 1 0],[0.259275 0.51812  0.23018  0.      ],0.0006283412188441289,0.013632835302676045,2015.15
16.793587174348698,[3 4 1 0],[0.259275 0.51812  0.23018  0.      ],0.0006283412188441289,0.013632835302676045,2015.15
16.83366733466934,[3 4 1 0],[0.259275 0.51812  0.23018  0.      ],0.0006283412188441289,0.013632835302676045,2015.15
16.873747494989978,[3 4 1 0],[0.259275 0.51812  0.23018  0.      ],0.0006283412188441289,0.013632835302676045,2015.15
16.91382765531062,[3 4 1 0],[0.259275 0.51812  0.23018  0.      ],0.0006283412188441289,0.013632835302676045,2015.15
16.95390781563126,[3 4 1 0],[0.259275 0.51812  0.23018  0.      ],0.0006283412188441289,0.013632835302676045,2015.15
16.993987975951903,[3 4 1 0],[0.259275 0.51812  0.23018  0.      ],0.0006283412188441289,0.013632835302676045,2015.15
17.034068136272545,[3 4 1 0],[0.259275 0.51812  0.23018  0.      ],0.0006283412188441289,0.013632835302676045,2015.15
17.074148296593187,[3 4 1 0],[0.259275 0.51812  0.23018  0.      ],0.0006283412188441289,0.013632835302676045,2015.15
17.11422845691383,[3 4 1 0],[0.259275 0.51812  0.23018  0.      ],0.0006283412188441289,0.013632835302676045,2015.15
17.154308617234467,[3 4 1 0],[0.259275 0.51812  0.23018  0.      ],0.0006283412188441289,0.013632835302676045,2015.15
17.19438877755511,[3 4 1 0],[0.259275 0.51812  0.23018  0.      ],0.0006283412188441289,0.013632835302676045,2015.15
17.23446893787575,[3 4 1 0],[0.259275 0.51812  0.23018  0.      ],0.0006283412188441289,0.013632835302676045,2015.15
17.274549098196392,[3 4 1 0],[0.259275 0.51812  0.23018  0.      ],0.0006283412188441289,0.013632835302676045,2015.15
17.314629258517034,[3 4 1 0],[0.259275 0.51812  0.23018  0.      ],0.0006283412188441289,0.013632835302676045,2015.15
17.354709418837675,[3 4 1 0],[0.259275 0.51812  0.23018  0.      ],0.0006283412188441289,0.013632835302676045,2015.15
17.394789579158317,[3 4 1 0],[0.259275 0.51812  0.23018  0.      ],0.0006283412188441289,0.013632835302676045,2015.15
17.43486973947896,[3 4 1 0],[0.259275 0.51812  0.23018  0.      ],0.0006283412188441289,0.013632835302676045,2015.15
17.474949899799597,[3 4 1 0],[0.259275 0.51812  0.23018  0.      ],0.0006283412188441289,0.013632835302676045,2015.15
17.51503006012024,[3 4 1 0],[0.259275 0.51812  0.23018  0.      ],0.0006283412188441289,0.013632835302676045,2015.15
17.55511022044088,[3 4 1 0],[0.259275 0.51812  0.23018  0.      ],0.0006283412188441289,0.013632835302676045,2015.15
17.595190380761522,[3 4 1 0],[0.259275 0.51812  0.23018  0.      ],0.0006283412188441289,0.013632835302676045,2015.15
17.635270541082164,[3 4 1 0],[0.259275 0.51812  0.23018  0.      ],0.0006283412188441289,0.013632835302676045,2015.15
17.675350701402806,[3 4 1 0],[0.259275 0.51812  0.23018  0.      ],0.0006283412188441289,0.013632835302676045,2015.15
17.715430861723448,[3 4 1 0],[0.259275 0.51812  0.23018  0.      ],0.0006283412188441289,0.013632835302676045,2015.15
17.755511022044086,[3 4 1 0],[0.259275 0.51812  0.23018  0.      ],0.0006283412188441289,0.013632835302676045,2015.15
17.795591182364728,[3 4 1 0],[0.259275 0.51812  0.23018  0.      ],0.0006283412188441289,0.013632835302676045,2015.15
17.83567134268537,[3 4 1 0],[0.259275 0.51812  0.23018  0.      ],0.0006283412188441289,0.013632835302676045,2015.15
17.87575150300601,[3 4 1 0],[0.259275 0.51812  0.23018  0.      ],0.0006283412188441289,0.013632835302676045,2015.15
17.915831663326653,[3 4 1 0],[0.259275 0.51812  0.23018  0.      ],0.0006283412188441289,0.013632835302676045,2015.15
17.955911823647295,[3 4 1 0],[0.259275 0.51812  0.23018  0.      ],0.0006283412188441289,0.013632835302676045,2015.15
17.995991983967937,[3 4 1 0],[0.259275 0.51812  0.23018  0.      ],0.0006283412188441289,0.013632835302676045,2015.15
18.036072144288575,[3 4 1 0],[0.259275 0.51812  0.23018  0.      ],0.0006283412188441289,0.013632835302676045,2015.15
18.076152304609217,[3 4 1 0],[0.259275 0.51812  0.23018  0.      ],0.0006283412188441289,0.013632835302676045,2015.15
18.11623246492986,[3 4 1 0],[0.259275 0.51812  0.23018  0.      ],0.0006283412188441289,0.013632835302676045,2015.15
18.1563126252505,[3 4 1 0],[0.259275 0.51812  0.23018  0.      ],0.0006283412188441289,0.013632835302676045,2015.15
18.196392785571142,[3 4 1 0],[0.259275 0.51812  0.23018  0.      ],0.0006283412188441289,0.013632835302676045,2015.15
18.236472945891784,[3 4 1 0],[0.259275 0.51812  0.23018  0.      ],0.0006283412188441289,0.013632835302676045,2015.15
18.276553106212425,[3 4 1 0],[0.259275 0.51812  0.23018  0.      ],0.0006283412188441289,0.013632835302676045,2015.15
18.316633266533067,[3 4 1 0],[0.259275 0.51812  0.23018  0.      ],0.0006283412188441289,0.013632835302676045,2015.15
18.356713426853705,[3 4 1 0],[0.259275 0.51812  0.23018  0.      ],0.0006283412188441289,0.013632835302676045,2015.15
18.396793587174347,[3 4 1 0],[0.259275 0.51812  0.23018  0.      ],0.0006283412188441289,0.013632835302676045,2015.15
18.43687374749499,[3 4 1 0],[0.259275 0.51812  0.23018  0.      ],0.0006283412188441289,0.013632835302676045,2015.15
18.47695390781563,[3 4 1 0],[0.259275 0.51812  0.23018  0.      ],0.0006283412188441289,0.013632835302676045,2015.15
18.517034068136272,[3 4 1 0],[0.259275 0.51812  0.23018  0.      ],0.0006283412188441289,0.013632835302676045,2015.15
18.557114228456914,[3 4 1 0],[0.259275 0.51812  0.23018  0.      ],0.0006283412188441289,0.013632835302676045,2015.15
18.597194388777556,[3 4 1 0],[0.259275 0.51812  0.23018  0.      ],0.0006283412188441289,0.013632835302676045,2015.15
18.637274549098194,[3 4 1 0],[0.259275 0.51812  0.23018  0.      ],0.0006283412188441289,0.013632835302676045,2015.15
18.677354709418836,[3 4 1 0],[0.259275 0.51812  0.23018  0.      ],0.0006283412188441289,0.013632835302676045,2015.15
18.717434869739478,[3 4 1 0],[0.259275 0.51812  0.23018  0.      ],0.0006283412188441289,0.013632835302676045,2015.15
18.75751503006012,[3 4 1 0],[0.259275 0.51812  0.23018  0.      ],0.0006283412188441289,0.013632835302676045,2015.15
18.79759519038076,[3 4 1 0],[0.259275 0.51812  0.23018  0.      ],0.0006283412188441289,0.013632835302676045,2015.15
18.837675350701403,[3 4 1 0],[0.259275 0.51812  0.23018  0.      ],0.0006283412188441289,0.013632835302676045,2015.15
18.877755511022045,[3 4 1 0],[0.259275 0.51812  0.23018  0.      ],0.0006283412188441289,0.013632835302676045,2015.15
18.917835671342683,[3 4 1 0],[0.259275 0.51812  0.23018  0.      ],0.0006283412188441289,0.013632835302676045,2015.15
18.957915831663325,[3 4 1 0],[0.259275 0.51812  0.23018  0.      ],0.0006283412188441289,0.013632835302676045,2015.15
18.997995991983966,[3 4 1 0],[0.259275 0.51812  0.23018  0.      ],0.0006283412188441289,0.013632835302676045,2015.15
19.03807615230461,[3 4 1 0],[0.259275 0.51812  0.23018  0.      ],0.0006283412188441289,0.013632835302676045,2015.15
19.07815631262525,[3 4 1 0],[0.259275 0.51812  0.23018  0.      ],0.0006283412188441289,0.013632835302676045,2015.15
19.118236472945892,[3 4 1 0],[0.259275 0.51812  0.23018  0.      ],0.0006283412188441289,0.013632835302676045,2015.15
19.158316633266534,[3 4 1 0],[0.259275 0.51812  0.23018  0.      ],0.0006283412188441289,0.013632835302676045,2015.15
19.198396793587175,[3 4 1 0],[0.259275 0.51812  0.23018  0.      ],0.0006283412188441289,0.013632835302676045,2015.15
19.238476953907814,[3 4 1 0],[0.259275 0.51812  0.23018  0.      ],0.0006283412188441289,0.013632835302676045,2015.15
19.278557114228455,[3 4 1 0],[0.259275 0.51812  0.23018  0.      ],0.0006283412188441289,0.013632835302676045,2015.15
19.318637274549097,[3 4 1 0],[0.259275 0.51812  0.23018  0.      ],0.0006283412188441289,0.013632835302676045,2015.15
19.35871743486974,[3 4 1 0],[0.259275 0.51812  0.23018  0.      ],0.0006283412188441289,0.013632835302676045,2015.15
19.39879759519038,[3 4 1 0],[0.259275 0.51812  0.23018  0.      ],0.0006283412188441289,0.013632835302676045,2015.15
19.438877755511022,[3 4 1 0],[0.259275 0.51812  0.23018  0.      ],0.0006283412188441289,0.013632835302676045,2015.15
19.478957915831664,[3 4 1 0],[0.259275 0.51812  0.23018  0.      ],0.0006283412188441289,0.013632835302676045,2015.15
19.519038076152302,[3 4 1 0],[0.259275 0.51812  0.23018  0.      ],0.0006283412188441289,0.013632835302676045,2015.15
19.559118236472944,[3 4 1 0],[0.259275 0.51812  0.23018  0.      ],0.0006283412188441289,0.013632835302676045,2015.15
19.599198396793586,[3 4 1 0],[0.259275 0.51812  0.23018  0.      ],0.0006283412188441289,0.013632835302676045,2015.15
19.639278557114228,[3 4 1 0],[0.259275 0.51812  0.23018  0.      ],0.0006283412188441289,0.013632835302676045,2015.15
19.67935871743487,[3 4 1 0],[0.259275 0.51812  0.23018  0.      ],0.0006283412188441289,0.013632835302676045,2015.15
19.71943887775551,[3 4 1 0],[0.259275 0.51812  0.23018  0.      ],0.0006283412188441289,0.013632835302676045,2015.15
19.759519038076153,[3 4 1 0],[0.259275 0.51812  0.23018  0.      ],0.0006283412188441289,0.013632835302676045,2015.15
19.79959919839679,[3 4 1 0],[0.259275 0.51812  0.23018  0.      ],0.0006283412188441289,0.013632835302676045,2015.15
19.839679358717433,[3 4 1 0],[0.259275 0.51812  0.23018  0.      ],0.0006283412188441289,0.013632835302676045,2015.15
19.879759519038075,[3 4 1 0],[0.259275 0.51812  0.23018  0.      ],0.0006283412188441289,0.013632835302676045,2015.15
19.919839679358716,[3 4 1 0],[0.259275 0.51812  0.23018  0.      ],0.0006283412188441289,0.013632835302676045,2015.15
19.95991983967936,[3 4 1 0],[0.259275 0.51812  0.23018  0.      ],0.0006283412188441289,0.013632835302676045,2015.15
20.0,[3 4 1 0],[0.259275 0.51812  0.23018  0.      ],0.0006283412188441289,0.013632835302676045,2015.15
